,,PCT_CHG
2021-07-30,600600.SH,-30.58365758754864
2021-03-31,600438.SH,-30.310770540655586
2021-08-31,300015.SZ,-28.109028960817707
2021-07-30,000568.SZ,-27.48156310926507
2021-07-30,000860.SZ,-25.983878615457566
2021-03-31,600340.SH,-25.943396226415093
2021-08-31,600763.SH,-25.50244087998479
2021-07-30,000858.SZ,-25.18009644348782
2021-07-30,601919.SH,-24.81429179717578
2021-03-31,600893.SH,-24.24393486208042
2021-07-30,600522.SH,-24.0
2021-09-30,600111.SH,-23.711873169050477
2021-07-30,600741.SH,-23.609253538955123
2021-11-30,601888.SH,-23.470908142740065
2021-03-31,000768.SZ,-23.397537101357745
2021-07-30,600763.SH,-23.245742092457423
2021-02-26,600872.SH,-22.868620740961166
2021-07-30,000963.SZ,-22.864594653336223
2021-07-30,002311.SZ,-22.713803228862737
2021-08-31,600196.SH,-22.691744015632644
2021-07-30,000596.SZ,-22.384133611691027
2021-03-31,600703.SH,-22.24448897795591
2021-07-30,000876.SZ,-22.22222222222222
2021-07-30,600132.SH,-21.94493558979541
2021-09-30,600893.SH,-21.871327849588717
2021-03-31,000625.SZ,-21.818181818181827
2021-06-30,002044.SZ,-21.80257510729614
2021-07-30,000001.SZ,-21.794871794871796
2021-02-26,600009.SH,-21.67088607594937
2021-09-30,600745.SH,-21.524926686217004
2021-11-30,600438.SH,-21.50969771099074
2021-03-31,601899.SH,-21.082854799015582
2021-10-29,600763.SH,-21.044963909674852
2021-07-30,000661.SZ,-20.992248062015506
2021-10-29,601600.SH,-20.77419354838711
2021-03-31,600362.SH,-20.71684587813619
2021-10-29,300003.SZ,-20.536712635109943
2021-04-30,000066.SZ,-20.52489905787348
2021-07-30,002157.SZ,-20.334728033472803
2021-04-30,002044.SZ,-20.23346303501945
2021-07-30,002304.SZ,-20.135974967103863
2021-10-29,600143.SH,-20.040899795501023
2021-08-31,002007.SZ,-20.005436259853226
2021-07-30,600276.SH,-19.994115050757678
2021-03-31,600760.SH,-19.963008631319347
2021-07-30,600009.SH,-19.904425514232305
2021-07-30,601155.SH,-19.775025031471504
2021-02-26,600660.SH,-19.7457627118644
2021-07-30,300003.SZ,-19.738480697384787
2021-02-26,300014.SZ,-19.718309859154925
2021-07-30,601888.SH,-19.69343552149284
2021-09-30,000708.SZ,-19.5447409733124
2021-11-30,600011.SH,-19.455252918287947
2021-07-30,000656.SZ,-19.404537049328862
2021-10-29,001979.SZ,-19.39721792890262
2021-08-31,600143.SH,-19.353233830845774
2021-03-31,600309.SH,-19.26605504587158
2021-07-30,002027.SZ,-19.257549499203176
2021-07-30,000895.SZ,-19.24528301886793
2021-09-30,000625.SZ,-19.01066925315229
2021-03-31,600346.SH,-18.843386828998344
2021-07-30,002032.SZ,-18.780373099231852
2021-03-31,000703.SZ,-18.475236505286585
2021-07-30,601872.SH,-18.398268398268403
2021-07-30,600519.SH,-18.364856323236246
2021-07-30,600436.SH,-18.358242248494317
2021-11-30,600009.SH,-18.25757575757576
2021-09-30,002179.SZ,-18.164588528678305
2021-09-30,601238.SH,-18.16009759883077
2021-03-31,300015.SZ,-18.027116768123964
2021-08-31,600521.SH,-17.864476386036955
2021-08-31,600872.SH,-17.85128485511207
2021-07-30,300033.SZ,-17.8311757403795
2021-06-30,002024.SZ,-17.794117647058826
2021-02-26,000860.SZ,-17.397881996974263
2021-09-30,600196.SH,-17.377567140600313
2021-07-30,600340.SH,-17.366412213740457
2021-05-31,000661.SZ,-17.350069456167205
2021-07-30,002044.SZ,-17.343578485181112
2021-07-30,000786.SZ,-17.324840764331206
2021-07-30,300015.SZ,-17.300648069878843
2021-11-30,600763.SH,-17.16430428583411
2021-10-29,601872.SH,-17.028985507246365
2021-07-30,601009.SH,-17.015209125475273
2021-03-31,600031.SH,-16.930187302359524
2021-03-31,000876.SZ,-16.909015371832158
2021-04-30,000876.SZ,-16.89999999999999
2021-04-30,600893.SH,-16.8896687870147
2021-08-31,600276.SH,-16.881206325855093
2021-06-30,600655.SH,-16.876310130071758
2021-07-30,600048.SH,-16.860465116279066
2021-09-30,600760.SH,-16.70932358318099
2021-09-30,601919.SH,-16.682738669238184
2021-08-31,000661.SZ,-16.52276295133438
2021-07-30,601318.SH,-16.50591163658992
2021-09-30,600438.SH,-16.491803278688533
2021-10-29,000069.SZ,-16.421895861148194
2021-03-31,002120.SZ,-16.378796902918403
2021-02-26,600809.SH,-16.377330270818867
2021-07-30,600570.SH,-16.271268825177565
2021-07-30,600085.SH,-16.254589963280285
2021-06-30,600872.SH,-16.127744510978047
2021-08-31,600161.SH,-16.09413037598052
2021-03-31,002153.SZ,-15.940791346427563
2021-07-30,600079.SH,-15.921337874691044
2021-07-30,600655.SH,-15.875754961173428
2021-06-30,000860.SZ,-15.773600407283583
2021-03-31,601808.SH,-15.73863636363637
2021-02-26,600999.SH,-15.712074303405576
2021-07-30,600848.SH,-15.698324022346366
2021-09-30,600010.SH,-15.691489361702127
2021-07-30,002142.SZ,-15.683505378129514
2021-09-30,002008.SZ,-15.670976370931788
2021-07-30,601628.SH,-15.649499307263358
2021-07-30,600109.SH,-15.524034672970844
2021-04-30,600521.SH,-15.519253208868145
2021-08-31,002153.SZ,-15.445544554455449
2021-07-30,601111.SH,-15.424164524421602
2021-11-30,600018.SH,-15.371024734982342
2021-10-29,600346.SH,-15.36098310291859
2021-11-30,601600.SH,-15.309446254071645
2021-03-31,002027.SZ,-15.251141552511417
2021-07-30,601808.SH,-15.250696378830074
2021-03-31,002241.SZ,-15.156250000000004
2021-04-30,600009.SH,-15.129533678756468
2021-09-30,002129.SZ,-15.055555555555555
2021-04-30,300498.SZ,-14.952718676122934
2021-08-31,600703.SH,-14.725223109441043
2021-03-31,002050.SZ,-14.722911497105029
2021-06-30,600362.SH,-14.710365853658535
2021-07-30,601788.SH,-14.628160781311072
2021-09-30,600019.SH,-14.622178606476933
2021-07-30,600031.SH,-14.619883040935665
2021-07-30,000157.SZ,-14.54738576741642
2021-10-29,000002.SZ,-14.547160957297045
2021-08-31,600183.SH,-14.54545454545455
2021-09-30,000338.SZ,-14.499252615844549
2021-03-31,600176.SH,-14.476614699331847
2021-07-30,000538.SZ,-14.465952298651906
2021-10-29,600019.SH,-14.427235100441127
2021-03-31,601601.SH,-14.369766915591741
2021-02-26,600588.SH,-14.365281967974008
2021-06-30,601155.SH,-14.279826911188954
2021-05-31,002157.SZ,-14.188730482009504
2021-06-30,000568.SZ,-14.188034188034182
2021-10-29,600795.SH,-14.15384615384615
2021-05-31,600079.SH,-14.125151883353592
2021-06-30,600690.SH,-14.119986741796486
2021-07-30,002153.SZ,-14.07911527009783
2021-02-26,002236.SZ,-14.06890894175553
2021-11-30,002129.SZ,-14.056531703590524
2021-11-30,601857.SH,-14.051094890510951
2021-03-31,000860.SZ,-14.047619047619065
2021-06-30,000157.SZ,-14.046511627906966
2021-07-30,601166.SH,-14.014598540145995
2021-02-26,600845.SH,-13.998197656954037
2021-03-31,600143.SH,-13.985736925515047
2021-04-30,002202.SZ,-13.973182780522242
2021-08-31,000063.SZ,-13.958802926061098
2021-03-31,000066.SZ,-13.954834973943264
2021-10-29,000656.SZ,-13.953488372093014
2021-11-30,002024.SZ,-13.870246085011184
2021-05-31,000725.SZ,-13.778990450204631
2021-07-30,600104.SH,-13.767050152178484
2021-07-30,600585.SH,-13.76370280146163
2021-06-30,601899.SH,-13.713268032057002
2021-02-26,600741.SH,-13.683506189361005
2021-06-30,000786.SZ,-13.65569921961194
2021-03-31,600196.SH,-13.575152041702864
2021-03-31,600584.SH,-13.574317492416599
2021-07-30,600118.SH,-13.486351606510683
2021-08-31,000963.SZ,-13.35587489433644
2021-07-30,000069.SZ,-13.306451612903237
2021-07-30,002230.SZ,-13.287955016276998
2021-09-30,000725.SZ,-13.230240549828187
2021-07-30,000002.SZ,-13.229735405291887
2021-07-30,600115.SH,-13.188976377952756
2021-09-30,601618.SH,-13.173652694610771
2021-04-30,601601.SH,-13.081395348837221
2021-04-30,600299.SH,-13.06532663316583
2021-04-30,600745.SH,-12.959183673469388
2021-07-30,600872.SH,-12.946216087577355
2021-03-31,002304.SZ,-12.857142857142856
2021-08-31,600584.SH,-12.838182746299132
2021-02-26,600763.SH,-12.814607665734501
2021-03-31,000977.SZ,-12.74697259400892
2021-03-31,000338.SZ,-12.743764172335602
2021-09-30,600703.SH,-12.723767557146793
2021-07-30,600606.SH,-12.694791422699502
2021-07-30,600061.SH,-12.603062426383982
2021-10-29,000425.SZ,-12.589413447782539
2021-10-29,600606.SH,-12.553191489361703
2021-10-29,600886.SH,-12.520729684908783
2021-07-30,600383.SH,-12.505501690428266
2021-08-31,600340.SH,-12.471131639722866
2021-06-30,000963.SZ,-12.455116286375677
2021-03-31,600352.SH,-12.454655380894808
2021-07-30,600660.SH,-12.34119791162711
2021-03-31,600030.SH,-12.33027522935779
2021-06-30,600585.SH,-12.327889657792612
2021-10-29,601088.SH,-12.224183583406889
2021-09-30,000100.SZ,-12.201963534361859
2021-03-31,300014.SZ,-12.10526315789473
2021-06-30,000708.SZ,-12.067510548523208
2021-11-30,300015.SZ,-12.054399340614063
2021-07-30,600036.SH,-12.008474142388136
2021-06-30,601601.SH,-11.979568861953737
2021-03-31,002001.SZ,-11.831180811808117
2021-09-30,600660.SH,-11.79540709812108
2021-03-31,600426.SH,-11.79234202490017
2021-06-30,002271.SZ,-11.699920191540302
2021-03-31,000333.SZ,-11.656639449935536
2021-07-30,600886.SH,-11.65452653485952
2021-10-29,000157.SZ,-11.636363636363644
2021-03-31,000157.SZ,-11.61335187760778
2021-10-29,000786.SZ,-11.611893583724575
2021-03-31,000656.SZ,-11.54362416107383
2021-07-30,601857.SH,-11.531190926276002
2021-06-30,600489.SH,-11.498973305954841
2021-07-30,600332.SH,-11.373707533234867
2021-10-29,600010.SH,-11.356466876971606
2021-04-30,600340.SH,-11.305732484076437
2021-03-31,601600.SH,-11.294117647058833
2021-07-30,300498.SZ,-11.204975953162165
2021-07-30,600029.SH,-11.129568106312293
2021-10-29,000338.SZ,-11.047033847417387
2021-04-30,600760.SH,-11.046063780619308
2021-08-31,600570.SH,-11.039310716208927
2021-07-30,000333.SZ,-11.013030685161828
2021-03-31,000895.SZ,-10.94700260642919
2021-06-30,600048.SH,-10.94674556213019
2021-11-30,000625.SZ,-10.923076923076923
2021-07-30,002241.SZ,-10.832943378568094
2021-06-30,000002.SZ,-10.82397003745319
2021-07-30,002050.SZ,-10.758965804837374
2021-04-30,000538.SZ,-10.754294249439877
2021-03-31,000786.SZ,-10.752688172043012
2021-04-30,600522.SH,-10.74235807860261
2021-04-30,000895.SZ,-10.634146341463413
2021-07-30,600999.SH,-10.630311284409133
2021-05-31,002120.SZ,-10.62111801242237
2021-08-31,002230.SZ,-10.614334470989773
2021-04-30,601808.SH,-10.586648685097778
2021-07-30,600809.SH,-10.583366853144272
2021-11-30,000001.SZ,-10.564102564102562
2021-03-31,600489.SH,-10.51502145922748
2021-04-30,600109.SH,-10.510732790525534
2021-08-31,002024.SZ,-10.508474576271198
2021-10-29,600048.SH,-10.477548111190293
2021-06-30,601318.SH,-10.473537604456817
2021-06-30,002153.SZ,-10.467931183288337
2021-10-29,002024.SZ,-10.420841683366744
2021-05-31,000069.SZ,-10.418904403866824
2021-03-31,300033.SZ,-10.417164131778511
2021-08-31,000538.SZ,-10.396039603960405
2021-11-30,600340.SH,-10.32608695652174
2021-02-26,600600.SH,-10.316477080752351
2021-03-31,000596.SZ,-10.291104661089289
2021-07-30,600299.SH,-10.28428093645486
2021-02-26,600340.SH,-10.264550264550243
2021-07-30,600150.SH,-10.246971879016641
2021-08-31,600346.SH,-10.243233984241185
2021-09-30,000066.SZ,-10.211027910142956
2021-08-31,002157.SZ,-10.189075630252098
2021-07-30,601601.SH,-10.182947877114257
2021-06-30,002001.SZ,-10.178515502662066
2021-10-29,600150.SH,-10.159362549800798
2021-02-26,600132.SH,-10.136945519499852
2021-06-30,000333.SZ,-10.128906350661426
2021-04-30,000703.SZ,-10.102389078498298
2021-06-30,600547.SH,-10.060832943378584
2021-02-26,600143.SH,-10.017825311942975
2021-02-26,600570.SH,-10.01750231648304
2021-06-30,601888.SH,-9.964704278541914
2021-04-30,601618.SH,-9.941520467836252
2021-07-30,000728.SZ,-9.912170639899621
2021-08-31,000938.SZ,-9.901365705614573
2021-06-30,002032.SZ,-9.901129943502829
2021-09-30,002050.SZ,-9.861386138613849
2021-10-29,600161.SH,-9.809434551702589
2021-07-30,002001.SZ,-9.797768479776837
2021-07-30,600233.SH,-9.790209790209792
2021-05-31,601727.SH,-9.78473581213306
2021-03-31,600999.SH,-9.779614325068886
2021-04-30,601166.SH,-9.755085097550854
2021-07-30,600016.SH,-9.75056689342404
2021-10-29,600031.SH,-9.748427672955984
2021-06-30,000895.SZ,-9.710391822827924
2021-11-30,600872.SH,-9.62861072902339
2021-04-30,601111.SH,-9.6132596685083
2021-09-30,600426.SH,-9.582646897309177
2021-04-30,600031.SH,-9.575402635431928
2021-11-30,600299.SH,-9.541984732824426
2021-03-31,600276.SH,-9.538310412573658
2021-09-30,600143.SH,-9.500308451573103
2021-07-30,600030.SH,-9.422614274258233
2021-04-30,601009.SH,-9.387351778656116
2021-10-29,600383.SH,-9.37499999999999
2021-03-31,000002.SZ,-9.365558912386707
2021-02-26,600109.SH,-9.34645115952214
2021-07-30,600887.SH,-9.340211783871833
2021-08-31,300014.SZ,-9.325273357631792
2021-08-31,600132.SH,-9.29389683515629
2021-11-30,600309.SH,-9.215890774627844
2021-02-26,600690.SH,-9.199372056514921
2021-09-30,601899.SH,-9.180918091809176
2021-11-30,601155.SH,-9.170560747663558
2021-04-30,600547.SH,-9.150633505396522
2021-10-29,300015.SZ,-9.11985018726591
2021-07-30,600352.SH,-9.080254473632177
2021-06-30,601607.SH,-9.079173838209986
2021-05-31,000425.SZ,-9.07859078590787
2021-04-30,300033.SZ,-9.045226130653283
2021-07-30,001979.SZ,-9.042205338752762
2021-03-31,600521.SH,-9.023354564755836
2021-06-30,600406.SH,-9.016811394783641
2021-05-31,000157.SZ,-8.975444538526677
2021-05-31,000100.SZ,-8.973856130744394
2021-11-30,600795.SH,-8.960573476702505
2021-11-30,601808.SH,-8.93817204301074
2021-05-31,600690.SH,-8.934500452761862
2021-11-30,600887.SH,-8.906976744186046
2021-02-26,600161.SH,-8.857142857142852
2021-07-30,000651.SZ,-8.829174664107498
2021-10-29,601857.SH,-8.818635607321113
2021-07-30,002008.SZ,-8.81406288685318
2021-04-30,601390.SH,-8.79864636209815
2021-06-30,002236.SZ,-8.776480760916549
2021-02-26,000568.SZ,-8.72720217306946
2021-05-31,600019.SH,-8.690614136732332
2021-04-30,600276.SH,-8.67629492887394
2021-05-31,600383.SH,-8.673469387755084
2021-08-31,600079.SH,-8.660752006759619
2021-10-29,601727.SH,-8.653846153846157
2021-05-31,000656.SZ,-8.636363636363631
2021-04-30,000069.SZ,-8.635917566241403
2021-03-31,002157.SZ,-8.635265700483075
2021-08-31,000858.SZ,-8.634201585503975
2021-07-30,601939.SH,-8.595603038705912
2021-11-30,600176.SH,-8.568443051201669
2021-11-30,600019.SH,-8.555399719495094
2021-04-30,600000.SH,-8.553230209281171
2021-07-30,600028.SH,-8.486238532110091
2021-06-30,002007.SZ,-8.472365171801288
2021-03-31,600837.SH,-8.436724565756826
2021-04-30,601939.SH,-8.435374149659847
2021-03-31,600048.SH,-8.429858429858417
2021-09-30,002271.SZ,-8.429752066115704
2021-05-31,000708.SZ,-8.42349304482225
2021-10-29,000538.SZ,-8.375089477451692
2021-07-30,600547.SH,-8.372932349645701
2021-05-31,000876.SZ,-8.363417569193743
2021-11-30,600036.SH,-8.300907911802845
2021-02-26,601628.SH,-8.271092669432923
2021-06-30,600588.SH,-8.248275862068965
2021-10-29,600340.SH,-8.22942643391521
2021-02-26,300015.SZ,-8.192556839832354
2021-10-29,002236.SZ,-8.17875210792579
2021-02-26,002049.SZ,-8.158199569750114
2021-10-29,601155.SH,-8.154506437768239
2021-11-30,600030.SH,-8.153013910355488
2021-06-30,002027.SZ,-8.10546875
2021-11-30,600900.SH,-8.094117647058818
2021-07-30,002271.SZ,-8.026030368763559
2021-06-30,601727.SH,-8.026030368763559
2021-07-30,000725.SZ,-8.012820512820507
2021-09-30,601766.SH,-7.9999999999999964
2021-04-30,601727.SH,-7.927927927927925
2021-08-31,000651.SZ,-7.9209796000692005
2021-03-31,300003.SZ,-7.917059377945323
2021-10-29,600352.SH,-7.914201183431957
2021-04-30,000938.SZ,-7.913306451612911
2021-08-31,000066.SZ,-7.89968652037617
2021-03-31,000538.SZ,-7.874015748031504
2021-06-30,002142.SZ,-7.87234042553192
2021-09-30,600183.SH,-7.829787234042563
2021-03-31,600132.SH,-7.826735133344364
2021-10-29,000860.SZ,-7.809847198641773
2021-09-30,600362.SH,-7.802487749717302
2021-04-30,601788.SH,-7.753846153846156
2021-07-30,601607.SH,-7.722710433598456
2021-04-30,601155.SH,-7.704918032786889
2021-03-31,000063.SZ,-7.682619647355171
2021-03-31,000938.SZ,-7.677989762680304
2021-06-30,600999.SH,-7.669902912621374
2021-03-31,601318.SH,-7.607419582061514
2021-03-31,600111.SH,-7.588206863218949
2021-10-29,601808.SH,-7.5776397515528116
2021-04-30,600029.SH,-7.569141193595364
2021-09-30,002049.SZ,-7.554760840411257
2021-06-30,600143.SH,-7.535460992907805
2021-07-30,601989.SH,-7.524271844660202
2021-11-30,000963.SZ,-7.505458515283847
2021-06-30,601111.SH,-7.491082045184294
2021-06-30,000651.SZ,-7.46003552397868
2021-03-31,600104.SH,-7.435294117647051
2021-06-30,601166.SH,-7.416200949529439
2021-02-26,600482.SH,-7.415485278080681
2021-02-26,000661.SZ,-7.412784303374242
2021-02-26,000001.SZ,-7.405803378085752
2021-04-30,601398.SH,-7.400722021660644
2021-09-30,002241.SZ,-7.391491190373866
2021-03-31,600887.SH,-7.3808422026839455
2021-02-26,002304.SZ,-7.3574824763491975
2021-06-30,600233.SH,-7.2908592200082385
2021-11-30,600570.SH,-7.285714285714295
2021-10-29,601390.SH,-7.243816254416968
2021-07-30,600482.SH,-7.23306544202067
2021-11-30,000656.SZ,-7.207207207207212
2021-08-31,600519.SH,-7.206117963775826
2021-03-31,600183.SH,-7.189542483660127
2021-06-30,600887.SH,-7.10644141472947
2021-03-31,002007.SZ,-7.0827489481065875
2021-04-30,000157.SZ,-7.081038552321006
2021-10-29,000708.SZ,-7.073170731707313
2021-10-29,002153.SZ,-7.064364207221352
2021-10-29,600018.SH,-7.060755336617386
2021-05-31,600233.SH,-7.045840407470294
2021-07-30,000425.SZ,-7.031378940923972
2021-04-30,600588.SH,-7.02884346121534
2021-08-31,601318.SH,-7.024408421837158
2021-04-30,601766.SH,-7.00934579439253
2021-02-26,002007.SZ,-6.979778212654919
2021-04-30,600016.SH,-6.930693069306915
2021-07-30,600015.SH,-6.930122875697153
2021-03-31,600161.SH,-6.925049871758349
2021-11-30,600660.SH,-6.902834008097159
2021-06-30,601628.SH,-6.895604395604393
2021-03-31,300498.SZ,-6.879471656576774
2021-06-30,600036.SH,-6.874033339061714
2021-04-30,600900.SH,-6.856343283582111
2021-10-29,600061.SH,-6.818181818181845
2021-10-29,600011.SH,-6.771463119709786
2021-09-30,600079.SH,-6.753006475485657
2021-10-29,000166.SZ,-6.727272727272737
2021-11-30,000938.SZ,-6.7099567099567
2021-09-30,600600.SH,-6.707599629286365
2021-11-30,600029.SH,-6.7073170731707155
2021-07-30,600521.SH,-6.70498084291189
2021-10-29,601618.SH,-6.666666666666677
2021-10-29,600585.SH,-6.666666666666665
2021-06-30,000069.SZ,-6.654462543976747
2021-11-30,601618.SH,-6.6502463054187055
2021-10-29,600482.SH,-6.6447007138934815
2021-09-30,002001.SZ,-6.638859923531459
2021-03-31,600872.SH,-6.577932098765437
2021-06-30,000001.SZ,-6.528925619834702
2021-11-30,601009.SH,-6.49484536082473
2021-03-31,002202.SZ,-6.468646864686467
2021-07-30,601328.SH,-6.441740608561986
2021-03-31,600009.SH,-6.431803490627019
2021-08-31,600588.SH,-6.424581005586583
2021-03-31,601766.SH,-6.413994169096215
2021-06-30,300014.SZ,-6.411526339486706
2021-06-30,600519.SH,-6.399249040082122
2021-02-26,601788.SH,-6.382978723404243
2021-11-30,002304.SZ,-6.3809216886883675
2021-02-26,600346.SH,-6.373056994818649
2021-09-30,600132.SH,-6.364609347128091
2021-06-30,600606.SH,-6.357388316151202
2021-07-30,601398.SH,-6.356302882584808
2021-10-29,600999.SH,-6.331877729257651
2021-06-30,600115.SH,-6.273062730627299
2021-07-30,601998.SH,-6.255348317732034
2021-07-30,000166.SZ,-6.25470302422142
2021-11-30,601111.SH,-6.227967097532295
2021-02-26,000783.SZ,-6.209573091849929
2021-08-31,600309.SH,-6.173056630320084
2021-04-30,601318.SH,-6.152990814648929
2021-08-31,000895.SZ,-6.152647975077885
2021-03-31,000708.SZ,-6.150017774617844
2021-04-30,600352.SH,-6.146408839778994
2021-04-30,600176.SH,-6.145833333333329
2021-10-29,600109.SH,-6.129597197898429
2021-10-29,601989.SH,-6.122448979591855
2021-09-30,600845.SH,-6.116642958748219
2021-05-31,002008.SZ,-6.10682269093722
2021-04-30,000002.SZ,-6.100000000000005
2021-09-30,600584.SH,-6.090775988286978
2021-05-31,600741.SH,-6.087289433384379
2021-07-30,601169.SH,-6.075858608855622
2021-05-31,000651.SZ,-6.025705224503408
2021-06-30,002120.SZ,-5.976372480889525
2021-08-31,002044.SZ,-5.976095617529875
2021-11-30,000063.SZ,-5.947271612507654
2021-04-30,601872.SH,-5.938697318007646
2021-10-29,300033.SZ,-5.9054132955209
2021-04-30,000338.SZ,-5.873180873180861
2021-05-31,600584.SH,-5.8423913043478155
2021-08-31,002032.SZ,-5.828990542366341
2021-10-29,601186.SH,-5.822784810126591
2021-10-29,002271.SZ,-5.798736462093867
2021-06-30,000783.SZ,-5.79150579150578
2021-04-30,600010.SH,-5.769230769230771
2021-05-31,600426.SH,-5.758043553988879
2021-06-30,000661.SZ,-5.749981734492582
2021-06-30,600061.SH,-5.7447414739209
2021-09-30,000651.SZ,-5.717761557177614
2021-11-30,000651.SZ,-5.702592087312408
2021-03-31,600118.SH,-5.691823899371085
2021-11-30,600886.SH,-5.687203791469209
2021-05-31,600346.SH,-5.684447160886785
2021-09-30,600061.SH,-5.6806002143622525
2021-06-30,600522.SH,-5.660377358490553
2021-11-30,000786.SZ,-5.630311614730877
2021-10-29,600426.SH,-5.61797752808989
2021-06-30,001979.SZ,-5.603448275862077
2021-06-30,000768.SZ,-5.590734331465319
2021-06-30,300033.SZ,-5.544388609715245
2021-06-30,600029.SH,-5.494505494505497
2021-09-30,002024.SZ,-5.4924242424242316
2021-06-30,600010.SH,-5.487804878048774
2021-03-31,600763.SH,-5.471698113207546
2021-06-30,000858.SZ,-5.46775831429297
2021-02-26,000786.SZ,-5.454545454545457
2021-06-30,600111.SH,-5.452810758146864
2021-08-31,002252.SZ,-5.449591280653953
2021-05-31,600161.SH,-5.432372505543237
2021-10-29,600118.SH,-5.424616535727644
2021-10-29,000651.SZ,-5.419354838709678
2021-11-30,600426.SH,-5.405405405405417
2021-02-26,002032.SZ,-5.402010050251249
2021-06-30,000776.SZ,-5.3749999999999964
2021-03-31,600519.SH,-5.359952515098132
2021-10-29,000783.SZ,-5.35947712418301
2021-06-30,000100.SZ,-5.321782178217815
2021-11-30,002271.SZ,-5.317365269461072
2021-11-30,600845.SH,-5.299999999999994
2021-04-30,001979.SZ,-5.2974735126324335
2021-05-31,002044.SZ,-5.284552845528456
2021-03-31,600383.SH,-5.28391167192429
2021-11-30,600600.SH,-5.283851169927123
2021-08-31,601888.SH,-5.273858921161811
2021-11-30,000069.SZ,-5.271565495207675
2021-06-30,600276.SH,-5.2649272951804775
2021-04-30,600741.SH,-5.259339862169021
2021-09-30,600482.SH,-5.254942767950032
2021-04-30,000776.SZ,-5.23292916400766
2021-05-31,000002.SZ,-5.218317358892433
2021-07-30,600011.SH,-5.217939158427621
2021-09-30,002007.SZ,-5.198776758409784
2021-08-31,600436.SH,-5.177595628415288
2021-04-30,002008.SZ,-5.169971671388096
2021-05-31,000703.SZ,-5.163249810174642
2021-05-31,002311.SZ,-5.143884892086326
2021-07-30,600000.SH,-5.142271463366688
2021-11-30,601788.SH,-5.121470781352599
2021-06-30,600109.SH,-5.074283076030584
2021-06-30,000425.SZ,-5.067064083457518
2021-11-30,601238.SH,-5.034722222222232
2021-05-31,002027.SZ,-5.0092764378478645
2021-06-30,000538.SZ,-4.992192965880527
2021-03-31,002032.SZ,-4.980079681274896
2021-03-31,600848.SH,-4.974093264248703
2021-04-30,601998.SH,-4.954128440366967
2021-11-30,600028.SH,-4.941176470588237
2021-06-30,600176.SH,-4.904966278356837
2021-04-30,002236.SZ,-4.904742602351031
2021-09-30,000977.SZ,-4.901633877959322
2021-11-30,600585.SH,-4.88445378151261
2021-08-31,002271.SZ,-4.874213836477992
2021-06-30,002304.SZ,-4.866850321395799
2021-04-30,601668.SH,-4.816955684007707
2021-11-30,600000.SH,-4.809843400447422
2021-10-29,600362.SH,-4.783319705641875
2021-10-29,000703.SZ,-4.782608695652179
2021-06-30,600118.SH,-4.752604166666652
2021-04-30,600999.SH,-4.732824427480919
2021-10-29,600028.SH,-4.7085201793722
2021-06-30,600383.SH,-4.655493482309126
2021-07-30,600900.SH,-4.654736242868617
2021-07-30,600050.SH,-4.629629629629639
2021-11-30,600031.SH,-4.616724738675959
2021-02-26,600061.SH,-4.598597038191721
2021-03-31,001979.SZ,-4.587869362363928
2021-11-30,601872.SH,-4.585152838427953
2021-10-29,000596.SZ,-4.557269830622168
2021-02-26,002157.SZ,-4.498269896193774
2021-09-30,600837.SH,-4.484657749803311
2021-06-30,600030.SH,-4.4810417464572705
2021-09-30,600085.SH,-4.477611940298498
2021-05-31,002032.SZ,-4.465990440028356
2021-06-30,000066.SZ,-4.450261780104703
2021-04-30,000651.SZ,-4.449760765550259
2021-10-29,600809.SH,-4.437400950871639
2021-04-30,601088.SH,-4.4278606965174045
2021-10-29,600196.SH,-4.397705544933073
2021-04-30,600115.SH,-4.395604395604402
2021-11-30,000703.SZ,-4.383561643835609
2021-09-30,600118.SH,-4.364937388193201
2021-10-29,601766.SH,-4.347826086956519
2021-10-29,601919.SH,-4.340277777777779
2021-03-31,000568.SZ,-4.332298796819867
2021-02-26,600745.SH,-4.327196811539203
2021-06-30,000703.SZ,-4.32345876701361
2021-04-30,600011.SH,-4.3083900226757565
2021-03-31,000858.SZ,-4.292857142857143
2021-11-30,002230.SZ,-4.289259127968803
2021-04-30,600585.SH,-4.275673565013671
2021-09-30,002032.SZ,-4.263168682106988
2021-03-31,600299.SH,-4.261168384879721
2021-10-29,000728.SZ,-4.258064516129034
2021-05-31,002252.SZ,-4.255319148936154
2021-11-30,000157.SZ,-4.252400548696844
2021-07-30,601727.SH,-4.245283018867951
2021-07-30,601088.SH,-4.234348358495755
2021-09-30,600489.SH,-4.233409610983996
2021-03-31,601155.SH,-4.2198233562316005
2021-11-30,600346.SH,-4.219600725952799
2021-11-30,600837.SH,-4.210526315789476
2021-03-31,601607.SH,-4.201270151441127
2021-07-30,000338.SZ,-4.196978175713484
2021-02-26,000100.SZ,-4.190919674039573
2021-07-30,600795.SH,-4.184100514614187
2021-08-31,002027.SZ,-4.133333333333333
2021-08-31,000876.SZ,-4.1191936897458366
2021-11-30,600547.SH,-4.116465863453822
2021-11-30,601006.SH,-4.094488188976375
2021-07-30,601668.SH,-4.086021505376336
2021-03-31,600547.SH,-4.052228725799201
2021-03-31,601628.SH,-4.041013268998784
2021-06-30,601939.SH,-4.040404040404033
2021-02-26,600183.SH,-4.037632301058414
2021-10-29,600588.SH,-4.01448837911258
2021-10-29,000776.SZ,-4.007633587786263
2021-05-31,002007.SZ,-3.9923954372623527
2021-03-31,600028.SH,-3.9911308203991136
2021-02-26,000596.SZ,-3.9836065573770507
2021-06-30,000656.SZ,-3.9800995024875663
2021-03-31,600585.SH,-3.974503187101619
2021-06-30,601006.SH,-3.9416058394160514
2021-11-30,002027.SZ,-3.940217391304346
2021-02-26,600886.SH,-3.912543153049486
2021-06-30,600150.SH,-3.8998835855645897
2021-11-30,600132.SH,-3.8949817215021443
2021-03-31,600570.SH,-3.8901601830663823
2021-02-26,600030.SH,-3.880070546737213
2021-07-30,600176.SH,-3.868471953578334
2021-09-30,000800.SZ,-3.8461538461538325
2021-02-26,000858.SZ,-3.8263378443360474
2021-06-30,000977.SZ,-3.7961696306429538
2021-07-30,000783.SZ,-3.734971116733121
2021-06-30,600015.SH,-3.732503888024863
2021-10-29,600655.SH,-3.7218413320274424
2021-11-30,600050.SH,-3.704258411839456
2021-06-30,000876.SZ,-3.676953381483916
2021-07-30,601006.SH,-3.663739702501889
2021-07-30,600143.SH,-3.643336529242558
2021-04-30,000100.SZ,-3.6402569593147693
2021-03-31,002044.SZ,-3.6250000000000004
2021-04-30,601186.SH,-3.6204744069912587
2021-08-31,000703.SZ,-3.618421052631582
2021-07-30,601766.SH,-3.6184210526315708
2021-10-29,600584.SH,-3.617087620829429
2021-02-26,002241.SZ,-3.614457831325313
2021-03-31,002049.SZ,-3.61261261261262
2021-11-30,600848.SH,-3.6029911624745115
2021-06-30,600346.SH,-3.6002939015429947
2021-02-26,002129.SZ,-3.59501100513574
2021-07-30,600690.SH,-3.589347742184479
2021-03-31,600436.SH,-3.5396147769673036
2021-03-31,600332.SH,-3.5330793210945566
2021-11-30,000895.SZ,-3.5254237288135593
2021-11-30,600115.SH,-3.5196687370600444
2021-08-31,000100.SZ,-3.518267929634633
2021-09-30,601009.SH,-3.518123667377404
2021-11-30,600741.SH,-3.5153328347045543
2021-03-31,000728.SZ,-3.504380475594482
2021-02-26,600406.SH,-3.501019714479936
2021-06-30,600340.SH,-3.4990791896869267
2021-09-30,000963.SZ,-3.4796747967479558
2021-09-30,000786.SZ,-3.4743202416918417
2021-06-30,600352.SH,-3.4434293745607913
2021-05-31,600048.SH,-3.4285714285714364
2021-10-29,600900.SH,-3.409090909090895
2021-03-31,601238.SH,-3.4058656575212787
2021-07-30,000100.SZ,-3.3986928104575265
2021-02-26,000333.SZ,-3.373819163292857
2021-09-30,600690.SH,-3.3628972653362843
2021-02-26,600011.SH,-3.3573141486810343
2021-11-30,600760.SH,-3.33774834437085
2021-03-31,000166.SZ,-3.3333333333333437
2021-11-30,601166.SH,-3.327965646806208
2021-04-30,002153.SZ,-3.31865899085676
2021-07-30,002120.SZ,-3.3028672366054557
2021-11-30,002157.SZ,-3.293413173652693
2021-03-31,600233.SH,-3.2900432900432874
2021-09-30,600705.SH,-3.282828282828265
2021-08-31,600085.SH,-3.277609787833091
2021-02-26,600655.SH,-3.2504780114722798
2021-10-29,002252.SZ,-3.2258064516129226
2021-03-31,600588.SH,-3.2249322493224875
2021-11-30,300498.SZ,-3.216019417475746
2021-06-30,600809.SH,-3.212565083068686
2021-04-30,002024.SZ,-3.1976744186046457
2021-10-29,000100.SZ,-3.194888178913746
2021-10-29,000800.SZ,-3.1627906976744224
2021-06-30,600085.SH,-3.1531531531531543
2021-02-26,600104.SH,-3.1449407474931634
2021-04-30,600018.SH,-3.1380753138075312
2021-04-30,600015.SH,-3.105590062111807
2021-09-30,601318.SH,-3.086172344689375
2021-07-30,600489.SH,-3.069023769963608
2021-11-30,600655.SH,-3.051881993896244
2021-03-31,002142.SZ,-3.0423940149625794
2021-06-30,601998.SH,-3.041825095057038
2021-10-29,002120.SZ,-3.0129870129870118
2021-09-30,600031.SH,-3.011818528402588
2021-04-30,600705.SH,-3.0000000000000027
2021-04-30,601988.SH,-2.985074626865669
2021-08-31,600809.SH,-2.965034965034974
2021-11-30,601899.SH,-2.9636711281070705
2021-11-30,000425.SZ,-2.9459901800327315
2021-02-26,600584.SH,-2.9440628066731866
2021-07-30,601988.SH,-2.9220779220779147
2021-05-31,300498.SZ,-2.918693537178596
2021-10-29,601668.SH,-2.9166666666666674
2021-09-30,300014.SZ,-2.911764705882347
2021-02-26,600150.SH,-2.8785982478097716
2021-11-30,601939.SH,-2.8667790893760703
2021-04-30,601328.SH,-2.8282828282828354
2021-03-31,600745.SH,-2.7970640745883735
2021-06-30,601390.SH,-2.7829313543599077
2021-10-29,000725.SZ,-2.7722772277227636
2021-06-30,300003.SZ,-2.768580069754123
2021-04-30,000425.SZ,-2.766798418972327
2021-06-30,600705.SH,-2.7638190954773822
2021-06-30,601186.SH,-2.7486910994764413
2021-06-30,600009.SH,-2.748029905031313
2021-11-30,601318.SH,-2.72342142424854
2021-05-31,600406.SH,-2.7204502814259013
2021-10-29,002044.SZ,-2.695417789757415
2021-11-30,002007.SZ,-2.6936026936026924
2021-03-31,600660.SH,-2.682154171066531
2021-03-31,600705.SH,-2.676399026763998
2021-05-31,600521.SH,-2.6703499079189674
2021-04-30,002157.SZ,-2.6437541308658274
2021-06-30,600000.SH,-2.629016553067176
2021-03-31,000783.SZ,-2.6206896551724146
2021-02-26,002271.SZ,-2.6185567010309385
2021-03-31,002252.SZ,-2.617801047120416
2021-10-29,002311.SZ,-2.596439169139464
2021-04-30,000166.SZ,-2.5862068965517238
2021-05-31,600886.SH,-2.5252525252525193
2021-05-31,600340.SH,-2.5134649910233398
2021-03-31,600016.SH,-2.5096525096525157
2021-10-29,601607.SH,-2.509147935180356
2021-10-29,000876.SZ,-2.506775067750666
2021-04-30,000333.SZ,-2.5051684300133825
2021-04-30,600118.SH,-2.5008336112037344
2021-03-31,601166.SH,-2.3905996758508907
2021-09-30,600848.SH,-2.336145360155728
2021-04-30,002129.SZ,-2.332979851537653
2021-09-30,601788.SH,-2.327044025157232
2021-10-29,000768.SZ,-2.320335159523046
2021-11-30,600061.SH,-2.3170731707316983
2021-06-30,601088.SH,-2.302302302302317
2021-06-30,000166.SZ,-2.2964509394572175
2021-11-30,002311.SZ,-2.2696115765422853
2021-10-29,600848.SH,-2.2591362126245906
2021-03-31,000800.SZ,-2.2381378692927334
2021-02-26,600887.SH,-2.217194570135761
2021-10-29,600332.SH,-2.183406113537101
2021-04-30,600872.SH,-2.1732758865825264
2021-11-30,600362.SH,-2.146844139115489
2021-06-30,600016.SH,-2.128711590674537
2021-03-31,000776.SZ,-2.1236727045596537
2021-06-30,002252.SZ,-2.091503267973871
2021-04-30,600383.SH,-2.0815986677768628
2021-11-30,002050.SZ,-2.06576728499156
2021-02-26,000895.SZ,-2.021706746116203
2021-10-29,002049.SZ,-2.006769825918764
2021-10-29,600276.SH,-1.9709337049571785
2021-06-30,600031.SH,-1.9337912771535515
2021-10-29,601788.SH,-1.931745009658714
2021-11-30,601398.SH,-1.9271948608136968
2021-05-31,600031.SH,-1.9106217616580268
2021-09-30,600050.SH,-1.9093078758949944
2021-02-26,600276.SH,-1.888974556669254
2021-03-31,002311.SZ,-1.8867924528301994
2021-11-30,601186.SH,-1.8817204301075252
2021-09-30,000703.SZ,-1.8771331058020424
2021-04-30,601006.SH,-1.854493580599137
2021-02-26,600118.SH,-1.8518518518518379
2021-11-30,000725.SZ,-1.8329938900203624
2021-07-30,600837.SH,-1.8260886400337184
2021-08-31,600332.SH,-1.8000000000000016
2021-03-31,002179.SZ,-1.7870114775534018
2021-11-30,601088.SH,-1.7596782302664593
2021-07-30,002252.SZ,-1.7420395925227705
2021-03-31,002008.SZ,-1.7397355601948439
2021-09-30,002252.SZ,-1.729106628242072
2021-06-30,000800.SZ,-1.72570390554041
2021-03-31,002024.SZ,-1.7142857142857126
2021-06-30,600837.SH,-1.7094017094017033
2021-05-31,000338.SZ,-1.656543346217576
2021-06-30,601618.SH,-1.650165016501648
2021-09-30,600741.SH,-1.6379310344827647
2021-06-30,601988.SH,-1.6349659895461333
2021-11-30,600104.SH,-1.6272189349112454
2021-02-26,000538.SZ,-1.624426562382486
2021-05-31,601618.SH,-1.6233766233766378
2021-04-30,600048.SH,-1.6163035839775186
2021-08-31,000977.SZ,-1.6076115485564313
2021-06-30,000596.SZ,-1.5630792872431187
2021-11-30,000166.SZ,-1.5594541910331272
2021-09-30,600030.SH,-1.5576323987538943
2021-04-30,600309.SH,-1.556637555838114
2021-10-29,000063.SZ,-1.5393902807123605
2021-09-30,000728.SZ,-1.5247776365946653
2021-09-30,600016.SH,-1.5113350125944613
2021-11-30,600383.SH,-1.4778325123152802
2021-11-30,000860.SZ,-1.4732965009208066
2021-02-26,000725.SZ,-1.4563106796116498
2021-11-30,000333.SZ,-1.4395812127381058
2021-11-30,000538.SZ,-1.417410714285705
2021-02-26,600837.SH,-1.3866231647634453
2021-03-31,600050.SH,-1.3856812933025542
2021-03-31,601857.SH,-1.3761467889908285
2021-06-30,000728.SZ,-1.3613861386138626
2021-04-30,000977.SZ,-1.3513513513513375
2021-11-30,601607.SH,-1.3404825737265313
2021-02-26,000063.SZ,-1.335818577197867
2021-10-29,000858.SZ,-1.312730753452751
2021-11-30,600705.SH,-1.2853470437018122
2021-04-30,000063.SZ,-1.261937244201905
2021-06-30,600893.SH,-1.248436425127586
2021-09-30,600104.SH,-1.242236024844734
2021-11-30,002202.SZ,-1.2412304371289817
2021-02-26,600522.SH,-1.2380952380952492
2021-03-31,600150.SH,-1.224226804123707
2021-05-31,600362.SH,-1.2048192771084376
2021-10-29,600309.SH,-1.199063231850117
2021-10-29,000333.SZ,-1.19252873563217
2021-04-30,601857.SH,-1.1627906976744207
2021-04-30,600028.SH,-1.1547344110854452
2021-11-30,601601.SH,-1.1313868613138656
2021-11-30,601169.SH,-1.1286681715575453
2021-05-31,600887.SH,-1.1233211233211304
2021-09-30,600588.SH,-1.104477611940291
2021-09-30,601166.SH,-1.0810810810810811
2021-07-30,601186.SH,-1.0767160161507472
2021-05-31,601186.SH,-1.036269430051806
2021-05-31,601668.SH,-1.0121457489878583
2021-02-26,000728.SZ,-0.9913258983890949
2021-05-31,601318.SH,-0.9655172413793212
2021-02-26,002179.SZ,-0.9640287769784095
2021-06-30,601989.SH,-0.9615384615384581
2021-11-30,601998.SH,-0.8810572687224738
2021-04-30,600795.SH,-0.8733624454148492
2021-09-30,002304.SZ,-0.8714336874775963
2021-04-30,000768.SZ,-0.8656224237427956
2021-11-30,601628.SH,-0.8389261744966459
2021-04-30,601169.SH,-0.8333333333333304
2021-08-31,600660.SH,-0.8281573498964745
2021-02-26,002120.SZ,-0.8269344359125852
2021-05-31,600299.SH,-0.8257638315441684
2021-11-30,600999.SH,-0.8158508158508049
2021-06-30,601169.SH,-0.8146639511201648
2021-07-30,000625.SZ,-0.8086256755270083
2021-06-30,601398.SH,-0.7677543186180413
2021-11-30,002252.SZ,-0.7575757575757458
2021-11-30,600109.SH,-0.7462686567164201
2021-10-29,600050.SH,-0.7299270072992692
2021-03-31,601989.SH,-0.7281553398058249
2021-03-31,600606.SH,-0.7104795737122527
2021-04-30,600482.SH,-0.7079646017699059
2021-10-29,000661.SZ,-0.6917643632127102
2021-11-30,000783.SZ,-0.6906077348066253
2021-11-30,000800.SZ,-0.6724303554274669
2021-06-30,600570.SH,-0.6710694503621495
2021-10-29,601939.SH,-0.670016750418756
2021-10-29,600000.SH,-0.666666666666671
2021-09-30,601998.SH,-0.6535947712418277
2021-06-30,601668.SH,-0.6410453313472231
2021-09-30,601600.SH,-0.6410256410256387
2021-09-30,600346.SH,-0.6106870229007688
2021-10-29,600489.SH,-0.5973715651134914
2021-03-31,601888.SH,-0.5943295118703729
2021-09-30,600000.SH,-0.5524861878453247
2021-05-31,600900.SH,-0.5508262393590257
2021-03-31,601727.SH,-0.5376344086021612
2021-09-30,600015.SH,-0.5357142857142727
2021-10-29,600016.SH,-0.5115089514066473
2021-06-30,002202.SZ,-0.49099836333879043
2021-02-26,600795.SH,-0.4761904761904856
2021-04-30,600050.SH,-0.4683840749414414
2021-05-31,000800.SZ,-0.4520795660036381
2021-10-29,601998.SH,-0.43859649122806044
2021-05-31,601006.SH,-0.43604651162791885
2021-11-30,601668.SH,-0.42918454935622075
2021-06-30,600886.SH,-0.4145077720207335
2021-04-30,000728.SZ,-0.3891050583657685
2021-09-30,601607.SH,-0.3645833333333237
2021-02-26,600176.SH,-0.3550821127385695
2021-02-26,600436.SH,-0.3550494054597175
2021-05-31,000786.SZ,-0.34662045060657176
2021-08-31,002142.SZ,-0.30864197530865445
2021-04-30,600886.SH,-0.30211480362537513
2021-05-31,002001.SZ,-0.2959712794980751
2021-02-26,000066.SZ,-0.28868360277135574
2021-06-30,600521.SH,-0.28472537626907934
2021-08-31,600016.SH,-0.2512562814070307
2021-05-31,002236.SZ,-0.24824154686470257
2021-11-30,600606.SH,-0.24330900243311193
2021-05-31,600011.SH,-0.23696682464453556
2021-10-29,600519.SH,-0.21420765027323485
2021-09-30,000063.SZ,-0.21084337349397408
2021-03-31,601872.SH,-0.19120458891015435
2021-03-31,600482.SH,-0.17667844522969434
2021-05-31,001979.SZ,-0.1721170395869165
2021-04-30,600030.SH,-0.1674340728338164
2021-03-31,600061.SH,-0.16339869281045694
2021-06-30,002157.SZ,-0.14329765675612505
2021-11-30,000876.SZ,-0.1389854065323326
2021-07-30,600426.SH,-0.12924071082389688
2021-07-30,600438.SH,-0.11555350127109287
2021-04-30,600519.SH,-0.11050273768044017
2021-05-31,600183.SH,-0.09835458622174942
2021-09-30,600352.SH,-0.07390983000737927
2021-10-29,601628.SH,0.0
2021-05-31,600585.SH,0.0
2021-02-26,600547.SH,0.0
2021-04-30,600837.SH,0.0
2021-11-30,600016.SH,0.0
2021-07-30,600705.SH,0.0
2021-02-26,601998.SH,0.0
2021-02-26,600036.SH,0.0
2021-03-31,600036.SH,0.0
2021-09-30,601668.SH,0.0
2021-04-30,601989.SH,0.0
2021-10-29,601988.SH,0.0
2021-06-30,600079.SH,0.0
2021-06-30,601328.SH,0.0
2021-11-30,601988.SH,0.0
2021-05-31,601390.SH,0.0
2021-02-26,600705.SH,0.0
2021-06-30,600309.SH,0.036771465342888554
2021-09-30,600309.SH,0.04686035613870043
2021-11-30,600690.SH,0.07352941176470562
2021-11-30,600489.SH,0.12019230769231282
2021-07-30,002236.SZ,0.14218009478672577
2021-04-30,000656.SZ,0.15174506828528056
2021-08-31,300003.SZ,0.15515903801395226
2021-05-31,002142.SZ,0.1657589391427905
2021-09-30,600176.SH,0.17094017094017033
2021-11-30,600015.SH,0.1776198934280604
2021-09-30,600655.SH,0.19627085377822429
2021-03-31,600018.SH,0.20964360587003572
2021-09-30,600115.SH,0.21276595744681437
2021-10-29,601398.SH,0.21459227467810482
2021-08-31,600000.SH,0.22148394241419123
2021-06-30,600011.SH,0.23752969121138
2021-05-31,002202.SZ,0.24610336341264194
2021-03-31,002230.SZ,0.24891101431236962
2021-11-30,000002.SZ,0.27457440966502933
2021-07-30,002007.SZ,0.2998909487459178
2021-02-26,600519.SH,0.31188273209274975
2021-05-31,600029.SH,0.31496062992129037
2021-06-30,000338.SZ,0.3368893879843071
2021-06-30,000725.SZ,0.33700654115891293
2021-05-31,000963.SZ,0.3419452887537977
2021-09-30,600029.SH,0.3472222222222543
2021-02-26,600900.SH,0.3556910569105787
2021-06-30,600848.SH,0.3846979255549776
2021-06-30,600795.SH,0.4132231404958775
2021-05-31,600016.SH,0.42553191489360653
2021-10-29,601328.SH,0.4444444444444251
2021-09-30,601169.SH,0.4608294930875667
2021-11-30,000568.SZ,0.4804542476523288
2021-11-30,600352.SH,0.48192771084338837
2021-06-30,601766.SH,0.49586776859504855
2021-08-31,000568.SZ,0.5225292635898438
2021-09-30,601390.SH,0.5328596802842034
2021-05-31,000895.SZ,0.575642097675777
2021-02-26,002008.SZ,0.583294447036864
2021-08-31,000001.SZ,0.621820237422277
2021-03-31,601169.SH,0.628930817610085
2021-08-31,601398.SH,0.6535947712418277
2021-09-30,601988.SH,0.660066006600668
2021-02-26,601238.SH,0.6666666666666599
2021-06-30,600161.SH,0.6732412177907321
2021-11-30,000858.SZ,0.6881899219435716
2021-04-30,000708.SZ,0.7003904815224837
2021-05-31,600009.SH,0.7122507122507171
2021-11-30,601989.SH,0.7246376811594235
2021-09-30,000001.SZ,0.7303370786516883
2021-11-30,600079.SH,0.8064516129032251
2021-02-26,000708.SZ,0.8243727598566286
2021-02-26,002027.SZ,0.828729281767937
2021-02-26,601169.SH,0.8456659619450191
2021-04-30,002179.SZ,0.8579881656805011
2021-09-30,601398.SH,0.8658008658008809
2021-09-30,600999.SH,0.8810572687224738
2021-02-26,000776.SZ,0.8821676118462518
2021-11-30,600332.SH,0.8928571428571397
2021-08-31,601607.SH,0.8933263268523284
2021-06-30,600050.SH,0.9047898601392212
2021-09-30,601989.SH,0.9153318077803174
2021-11-30,601390.SH,0.952380952380949
2021-10-29,601601.SH,0.9579955784819294
2021-02-26,601989.SH,0.9803921568627416
2021-02-26,600893.SH,0.990099009900991
2021-09-30,002230.SZ,0.9927453226422411
2021-10-29,002241.SZ,1.0208816705336243
2021-05-31,000333.SZ,1.0352999875264945
2021-06-30,600299.SH,1.0386449469176773
2021-10-29,002001.SZ,1.042442293373047
2021-09-30,600332.SH,1.0522742701968735
2021-08-31,601601.SH,1.0760953112989968
2021-10-29,600015.SH,1.077199281867136
2021-06-30,600019.SH,1.080019118071185
2021-05-31,000860.SZ,1.0876132930513593
2021-06-30,600845.SH,1.0891396004126142
2021-04-30,600346.SH,1.0910330719399841
2021-05-31,600104.SH,1.0967098703888567
2021-08-31,601998.SH,1.1013215859030812
2021-11-30,601328.SH,1.1061946902655162
2021-08-31,601169.SH,1.1655011655011593
2021-02-26,600233.SH,1.2269938650306678
2021-03-31,601939.SH,1.2396694214876103
2021-02-26,600703.SH,1.2512681772066214
2021-02-26,600196.SH,1.2535737849131312
2021-04-30,000800.SZ,1.2820512820512775
2021-02-26,601186.SH,1.293661060802087
2021-05-31,600018.SH,1.2958963282937441
2021-03-31,600010.SH,1.2987012987013102
2021-11-30,000100.SZ,1.320132013201336
2021-08-31,601988.SH,1.3377926421404451
2021-06-30,601600.SH,1.338432122370925
2021-05-31,601766.SH,1.340033500837512
2021-08-31,000002.SZ,1.3402014014182173
2021-02-26,600016.SH,1.3698630136986134
2021-08-31,000725.SZ,1.3937282229965264
2021-04-30,600606.SH,1.4311270125223485
2021-10-29,601006.SH,1.437699680511173
2021-06-30,600028.SH,1.4485597068449652
2021-08-31,000800.SZ,1.4519056261343088
2021-05-31,601998.SH,1.5444015444015413
2021-05-31,601398.SH,1.5594541910331383
2021-08-31,601939.SH,1.5625
2021-10-29,600705.SH,1.5665796344647598
2021-10-29,600547.SH,1.5808261091280196
2021-10-29,601169.SH,1.605504587155937
2021-02-26,600031.SH,1.6065249629263478
2021-02-26,600848.SH,1.6324381253291165
2021-08-31,600050.SH,1.6990291262136026
2021-06-30,600018.SH,1.705756929637503
2021-05-31,601989.SH,1.7114914425427896
2021-05-31,600482.SH,1.7231134878193943
2021-10-29,600837.SH,1.7298187808896248
2021-06-30,600482.SH,1.752336448598113
2021-04-30,600150.SH,1.7612524461839474
2021-02-26,000768.SZ,1.7673521850899876
2021-11-30,000728.SZ,1.7759612386626822
2021-11-30,002142.SZ,1.7801047120418856
2021-08-31,600900.SH,1.7894736842105186
2021-10-29,601166.SH,1.80327868852459
2021-05-31,600143.SH,1.8057203680752698
2021-09-30,002027.SZ,1.8080667593880495
2021-09-30,601328.SH,1.8099547511312153
2021-05-31,601899.SH,1.8132366273798883
2021-02-26,601919.SH,1.8533440773569776
2021-08-31,600887.SH,1.8568433662773165
2021-05-31,600660.SH,1.8702513150204547
2021-05-31,601328.SH,1.8711018711018879
2021-11-30,600276.SH,1.8887083671811578
2021-11-30,601727.SH,1.8947368421052602
2021-04-30,601888.SH,1.9308677469942692
2021-10-29,000066.SZ,1.9711902956785377
2021-04-30,600104.SH,1.9827147941026801
2021-08-31,000786.SZ,2.003081664098616
2021-02-26,601088.SH,2.011494252873569
2021-03-31,600845.SH,2.043311212015353
2021-09-30,601939.SH,2.051282051282066
2021-05-31,002024.SZ,2.102102102102088
2021-09-30,600585.SH,2.1021021021021102
2021-04-30,600085.SH,2.1035058430717957
2021-08-31,600848.SH,2.1206096752816483
2021-02-26,600438.SH,2.130434782608681
2021-05-31,600570.SH,2.1656328218522036
2021-06-30,600183.SH,2.182453077258839
2021-11-30,000338.SZ,2.1854304635761768
2021-05-31,600000.SH,2.189054726368167
2021-08-31,600015.SH,2.1897810218977964
2021-02-26,601988.SH,2.208201892744488
2021-09-30,600009.SH,2.2648486249133404
2021-09-30,000783.SZ,2.2727272727272707
2021-11-30,600118.SH,2.2943037974683556
2021-02-26,600015.SH,2.2950819672131084
2021-10-29,600085.SH,2.2959183673469274
2021-04-30,600887.SH,2.2982762927804323
2021-03-31,601186.SH,2.2988505747126187
2021-04-30,002001.SZ,2.3018571802249532
2021-08-31,002311.SZ,2.3089171974522538
2021-11-30,600588.SH,2.327044025157221
2021-05-31,600050.SH,2.35294117647058
2021-10-29,600030.SH,2.373417721518978
2021-05-31,601988.SH,2.4615384615384706
2021-02-26,601328.SH,2.4663677130044803
2021-08-31,600547.SH,2.505694760820054
2021-02-26,601006.SH,2.5117739403453854
2021-08-31,600109.SH,2.518656716417911
2021-11-30,601766.SH,2.5252525252525304
2021-10-29,600115.SH,2.547770700636942
2021-04-30,000783.SZ,2.5495750708215414
2021-02-26,000166.SZ,2.564102564102577
2021-09-30,600406.SH,2.570694087403602
2021-05-31,600705.SH,2.577319587628879
2021-05-31,600276.SH,2.6159334126040656
2021-05-31,600745.SH,2.637749120750277
2021-04-30,600489.SH,2.6378896882494063
2021-05-31,600606.SH,2.645502645502651
2021-09-30,000768.SZ,2.6463777704267333
2021-02-26,000800.SZ,2.6654411764705843
2021-04-30,600183.SH,2.684859154929553
2021-04-30,600406.SH,2.6974951830443183
2021-10-29,600183.SH,2.723915050784864
2021-08-31,600362.SH,2.7498063516653737
2021-09-30,601111.SH,2.7624309392265234
2021-03-31,601668.SH,2.7722772277227747
2021-08-31,002304.SZ,2.7915823056628986
2021-05-31,601111.SH,2.8117359413202925
2021-11-30,600809.SH,2.82587064676616
2021-02-26,600115.SH,2.8322440087146017
2021-11-30,600010.SH,2.8469750889679624
2021-06-30,300498.SZ,2.863278453829632
2021-08-31,002202.SZ,2.8811418180511694
2021-03-31,000001.SZ,2.946679139382602
2021-03-31,000725.SZ,2.9556650246305383
2021-05-31,601939.SH,2.971768202080227
2021-08-31,601628.SH,3.0000000000000027
2021-08-31,600606.SH,3.009259259259256
2021-09-30,002236.SZ,3.040834057341435
2021-09-30,600036.SH,3.0433006535947937
2021-05-31,600015.SH,3.044871794871784
2021-06-30,002179.SZ,3.0588710435408117
2021-07-30,600893.SH,3.1208873848467933
2021-02-26,002230.SZ,3.122994652406441
2021-09-30,601006.SH,3.13014827018121
2021-04-30,600036.SH,3.131115459882561
2021-06-30,002311.SZ,3.147516116799398
2021-05-31,601169.SH,3.1512605042016917
2021-03-31,601398.SH,3.165735567970196
2021-08-31,300498.SZ,3.1796502384737746
2021-09-30,600161.SH,3.1914893617021267
2021-09-30,601601.SH,3.1939163498099
2021-03-31,600015.SH,3.205128205128216
2021-08-31,601006.SH,3.2312925170068008
2021-10-29,601888.SH,3.2538461538461405
2021-08-31,601328.SH,3.2710280373831724
2021-05-31,600028.SH,3.2710280373831724
2021-03-31,601618.SH,3.3232628398791597
2021-11-30,002044.SZ,3.3240997229917024
2021-10-29,000568.SZ,3.3261124650239005
2021-09-30,601628.SH,3.328710124826628
2021-02-26,600050.SH,3.341288782816232
2021-03-31,601988.SH,3.3950617283950546
2021-10-29,002027.SZ,3.4428497189313623
2021-03-31,601390.SH,3.5026269702276736
2021-03-31,600079.SH,3.531786074672061
2021-09-30,601186.SH,3.5386631716907146
2021-08-31,000157.SZ,3.5479632063074806
2021-09-30,300033.SZ,3.612479474548458
2021-07-30,600019.SH,3.664921465968596
2021-10-29,601899.SH,3.666997026759189
2021-05-31,300003.SZ,3.708320349018357
2021-05-31,002241.SZ,3.711294899382489
2021-05-31,601238.SH,3.763440860215028
2021-05-31,600115.SH,3.8314176245210607
2021-05-31,601607.SH,3.8427167113494143
2021-04-30,002050.SZ,3.879728419010675
2021-08-31,000768.SZ,3.8831615120275
2021-04-30,600426.SH,3.888149134487362
2021-11-30,000661.SZ,3.893532776066877
2021-02-26,601727.SH,3.9106145251396773
2021-09-30,300003.SZ,3.9116963594112875
2021-09-30,600109.SH,3.912647861692453
2021-08-31,000333.SZ,3.920642418516751
2021-06-30,600900.SH,3.92749244712991
2021-04-30,601628.SH,3.928346951602779
2021-06-30,600196.SH,3.933717579250695
2021-11-30,600161.SH,3.9487357118115796
2021-11-30,300003.SZ,3.9868667917448475
2021-02-26,600332.SH,3.9985590778097935
2021-05-31,601088.SH,4.008328995314936
2021-10-29,600690.SH,4.0152963671128195
2021-11-30,300033.SZ,4.015601453771822
2021-06-30,601009.SH,4.063048922881141
2021-02-26,600029.SH,4.116638078902235
2021-07-30,600584.SH,4.117320997947127
2021-07-30,000703.SZ,4.155371775079475
2021-07-30,601390.SH,4.157300088787452
2021-10-29,601318.SH,4.1714065543607015
2021-03-31,601998.SH,4.206500956022929
2021-02-26,002142.SZ,4.209979209979209
2021-10-29,002050.SZ,4.217926186291732
2021-05-31,002129.SZ,4.234527687296419
2021-11-30,600703.SH,4.255952380952377
2021-03-31,600000.SH,4.269449715370022
2021-09-30,600299.SH,4.294478527607359
2021-05-31,601808.SH,4.2986425339366585
2021-10-29,600521.SH,4.3010752688172005
2021-02-26,000338.SZ,4.304635761589393
2021-02-26,000938.SZ,4.421768707482987
2021-02-26,600606.SH,4.452690166975892
2021-08-31,000069.SZ,4.496124031007742
2021-07-30,600309.SH,4.502848741040255
2021-08-31,600655.SH,4.512820512820537
2021-11-30,000066.SZ,4.535315985130128
2021-08-31,600233.SH,4.540420819490576
2021-02-26,002202.SZ,4.554865424430643
2021-10-29,600079.SH,4.5634920634920695
2021-11-30,000977.SZ,4.568854568854586
2021-05-31,601601.SH,4.591061112800232
2021-08-31,000860.SZ,4.644458680333119
2021-09-30,000157.SZ,4.695431472081224
2021-08-31,601166.SH,4.697226938313537
2021-05-31,600352.SH,4.709345106696117
2021-05-31,000001.SZ,4.7243511095585555
2021-03-31,600109.SH,4.728682170542631
2021-02-26,601888.SH,4.731292517006813
2021-05-31,600845.SH,4.731861198738185
2021-05-31,600522.SH,4.76480147351328
2021-05-31,600176.SH,4.786286842145304
2021-02-26,000651.SZ,4.7957371225577194
2021-09-30,002044.SZ,4.802259887005622
2021-10-29,600233.SH,4.809763101220366
2021-09-30,002311.SZ,4.902723735408565
2021-07-30,002179.SZ,4.910149329283731
2021-04-30,600143.SH,4.928604329801933
2021-06-30,601808.SH,4.94452319767813
2021-07-30,000776.SZ,4.970733860521137
2021-02-26,601668.SH,4.989604989605012
2021-09-30,000938.SZ,5.0105263157894875
2021-02-26,002153.SZ,5.022421524663678
2021-05-31,600118.SH,5.061559507523938
2021-09-30,600150.SH,5.064880703223129
2021-11-30,601919.SH,5.081669691470059
2021-08-31,601788.SH,5.158730158730163
2021-11-30,600482.SH,5.1764705882352935
2021-08-31,600705.SH,5.196962955154283
2021-08-31,600845.SH,5.239520958083843
2021-02-26,002050.SZ,5.267740531127552
2021-02-26,000625.SZ,5.278422273781924
2021-08-31,600036.SH,5.290322580645168
2021-11-30,002008.SZ,5.342977134857674
2021-08-31,600104.SH,5.343511450381699
2021-05-31,600332.SH,5.352480417754557
2021-04-30,002032.SZ,5.380852550663873
2021-05-31,600848.SH,5.393586005830908
2021-09-30,000333.SZ,5.454545454545445
2021-04-30,600233.SH,5.461056401074305
2021-04-30,002230.SZ,5.4624456859093895
2021-05-31,002050.SZ,5.49130902288395
2021-02-26,601398.SH,5.5009823182711415
2021-02-26,600760.SH,5.516523549310426
2021-07-30,000708.SZ,5.51823416506716
2021-03-31,601788.SH,5.519480519480502
2021-07-30,002024.SZ,5.5456171735241755
2021-08-31,601857.SH,5.55555555555558
2021-09-30,600606.SH,5.617977528089901
2021-02-26,002252.SZ,5.6708160442600075
2021-08-31,600031.SH,5.680902497985496
2021-05-31,600837.SH,5.691056910569103
2021-06-30,000063.SZ,5.693384223918563
2021-11-30,600519.SH,5.733045649697721
2021-02-26,600585.SH,5.749405233941318
2021-04-30,000860.SZ,5.7958661836778225
2021-09-30,600340.SH,5.804749340369386
2021-04-30,000001.SZ,5.8155383916401515
2021-02-26,600000.SH,5.823293172690747
2021-04-30,002007.SZ,5.8616352201257715
2021-05-31,600309.SH,5.8789176562195955
2021-02-26,002024.SZ,5.9001512859303995
2021-03-31,600655.SH,5.928853754940722
2021-09-30,600872.SH,5.956738768718783
2021-05-31,000166.SZ,5.973451327433632
2021-04-30,600061.SH,5.97381342062191
2021-10-29,600703.SH,6.0271378983906665
2021-10-29,600845.SH,6.060606060606077
2021-11-30,600183.SH,6.067415730337089
2021-08-31,601155.SH,6.125670982001896
2021-11-30,600150.SH,6.252771618625275
2021-07-30,000800.SZ,6.253623146611664
2021-04-30,600690.SH,6.2540089801154775
2021-07-30,600018.SH,6.256285716988397
2021-10-29,002157.SZ,6.256627783669133
2021-03-31,000651.SZ,6.271186440677989
2021-10-29,600104.SH,6.2893081761006275
2021-03-31,600600.SH,6.291598643727236
2021-03-31,600809.SH,6.291919514532074
2021-05-31,601166.SH,6.301747930082802
2021-08-31,600299.SH,6.337371854613227
2021-09-30,601727.SH,6.339468302658502
2021-04-30,000858.SZ,6.351220240316446
2021-11-30,600111.SH,6.363636363636349
2021-11-30,600406.SH,6.370408425378882
2021-08-31,001979.SZ,6.410256410256432
2021-04-30,600111.SH,6.433054393305437
2021-10-29,002007.SZ,6.451612903225801
2021-11-30,002120.SZ,6.480985538296724
2021-06-30,601788.SH,6.488095238095237
2021-10-29,002202.SZ,6.555491661874635
2021-05-31,000728.SZ,6.558895006232723
2021-08-31,600115.SH,6.575963718820876
2021-08-31,600489.SH,6.585365853658565
2021-02-26,601857.SH,6.6014669926650615
2021-05-31,600795.SH,6.607929515418509
2021-10-29,002230.SZ,6.654064272211713
2021-06-30,601872.SH,6.670016197287887
2021-08-31,600028.SH,6.766917293233066
2021-04-30,600019.SH,6.806930693069324
2021-06-30,600660.SH,6.808185121438148
2021-06-30,600332.SH,6.81905568491139
2021-08-31,601390.SH,6.831119544592035
2021-02-26,601166.SH,6.839826839826846
2021-03-31,600741.SH,6.860465116279069
2021-04-30,002311.SZ,6.923076923076943
2021-04-30,000786.SZ,6.950880444856344
2021-04-30,600079.SH,6.952566601689392
2021-03-31,601919.SH,6.962025316455689
2021-11-30,002001.SZ,6.963890935887984
2021-08-31,600522.SH,6.973684210526332
2021-10-29,600036.SH,6.977205153617416
2021-08-31,601186.SH,7.040431145823267
2021-11-30,000708.SZ,7.086614173228334
2021-06-30,600741.SH,7.09335507541784
2021-07-30,601899.SH,7.100031946950658
2021-02-26,300498.SZ,7.134433962264142
2021-10-29,601009.SH,7.182320441988943
2021-02-26,000656.SZ,7.194244604316546
2021-09-30,000425.SZ,7.208588957055206
2021-05-31,601888.SH,7.21497483893716
2021-05-31,600061.SH,7.25868725868728
2021-09-30,600383.SH,7.279693486590033
2021-05-31,000783.SZ,7.320441988950255
2021-05-31,600872.SH,7.3264781491002795
2021-03-31,601006.SH,7.3506891271056585
2021-04-30,002252.SZ,7.392473118279574
2021-02-26,601939.SH,7.396449704142016
2021-11-30,600584.SH,7.408605629246212
2021-06-30,002050.SZ,7.437275985663083
2021-08-31,601009.SH,7.44558991981672
2021-03-31,600019.SH,7.446808510638303
2021-09-30,000656.SZ,7.500000000000018
2021-04-30,600600.SH,7.525992438563334
2021-03-31,000661.SZ,7.557255535493668
2021-05-31,000568.SZ,7.578840284842303
2021-04-30,600438.SH,7.6053756872327405
2021-09-30,000661.SZ,7.608525309512637
2021-08-31,601668.SH,7.623318385650224
2021-09-30,000002.SZ,7.626262626262625
2021-04-30,600584.SH,7.63381105586427
2021-07-30,600588.SH,7.636800962116652
2021-03-31,002129.SZ,7.648401826484008
2021-08-31,600029.SH,7.66355140186914
2021-06-30,002008.SZ,7.706666666666662
2021-02-26,601318.SH,7.713707637835121
2021-05-31,000596.SZ,7.728852329213032
2021-05-31,000776.SZ,7.744107744107742
2021-05-31,601155.SH,7.748667850799307
2021-03-31,600690.SH,7.814661134163203
2021-04-30,600703.SH,7.817869415807555
2021-06-30,600438.SH,7.824570147022181
2021-02-26,601872.SH,7.835051546391769
2021-08-31,600795.SH,7.860262008733621
2021-08-31,002129.SZ,7.8705553335996825
2021-02-26,601390.SH,7.939508506616244
2021-07-30,600161.SH,7.941605839416055
2021-07-30,601238.SH,7.953667953667964
2021-05-31,600111.SH,7.96068796068794
2021-05-31,601872.SH,8.146639511201625
2021-02-26,600018.SH,8.163265306122437
2021-04-30,000596.SZ,8.164818956083163
2021-09-30,000860.SZ,8.17263544536273
2021-07-30,300014.SZ,8.236312902915422
2021-11-30,600436.SH,8.253414705027605
2021-03-31,601328.SH,8.31509846827132
2021-03-31,002271.SZ,8.320982426423896
2021-06-30,600104.SH,8.333333333333325
2021-07-30,000977.SZ,8.35407038748668
2021-08-31,601899.SH,8.39024390243901
2021-08-31,000783.SZ,8.405797101449286
2021-10-29,600406.SH,8.409913673071578
2021-09-30,600028.SH,8.425597534625417
2021-03-31,000425.SZ,8.428571428571452
2021-08-31,600600.SH,8.456518920221058
2021-04-30,600845.SH,8.505904501112438
2021-03-31,600900.SH,8.556962025316462
2021-05-31,000063.SZ,8.60103626943005
2021-04-30,002142.SZ,8.616255144032902
2021-10-29,000895.SZ,8.655616942909772
2021-05-31,000977.SZ,8.662758940452985
2021-10-29,002142.SZ,8.67709815078237
2021-05-31,601857.SH,8.705882352941185
2021-06-30,600584.SH,8.744588744588743
2021-11-30,600893.SH,8.7559161595673
2021-10-29,000001.SZ,8.756274400446173
2021-09-30,000858.SZ,8.775844117209575
2021-02-26,001979.SZ,8.79864636209815
2021-09-30,002142.SZ,8.823529411764719
2021-06-30,600760.SH,8.849226788747888
2021-10-29,600176.SH,8.87372013651877
2021-09-30,600547.SH,8.944444444444443
2021-09-30,600018.SH,8.94454382826475
2021-08-31,002236.SZ,8.944628490298157
2021-09-30,600436.SH,8.975651923353967
2021-10-29,000977.SZ,8.976157082748927
2021-06-30,000938.SZ,9.013894515610854
2021-05-31,002271.SZ,9.037441819281366
2021-02-26,600079.SH,9.06089508437271
2021-02-26,600426.SH,9.09789851358278
2021-08-31,600745.SH,9.174899377972912
2021-10-29,600436.SH,9.180327868852478
2021-06-30,002230.SZ,9.18990785381304
2021-04-30,601238.SH,9.304603330068574
2021-04-30,600570.SH,9.392857142857135
2021-03-31,600011.SH,9.429280397022332
2021-04-30,002049.SZ,9.458827927843716
2021-05-31,600030.SH,9.47589098532493
2021-04-30,300003.SZ,9.48481746844083
2021-08-31,000166.SZ,9.557109557109555
2021-03-31,600795.SH,9.569377990430606
2021-08-31,600999.SH,9.595654797827379
2021-08-31,000728.SZ,9.610027855153213
2021-03-31,600406.SH,9.68650933427262
2021-06-30,002241.SZ,9.730423620025675
2021-02-26,601766.SH,9.760000000000012
2021-11-30,001979.SZ,9.77948226270373
2021-05-31,600132.SH,9.829711526242214
2021-08-31,600690.SH,9.841129897258206
2021-05-31,600588.SH,9.8767111994293
2021-04-30,000661.SZ,9.910984471981088
2021-07-30,000066.SZ,9.916346315110092
2021-06-30,300015.SZ,9.938602260533958
2021-05-31,300033.SZ,9.94475138121549
2021-04-30,600655.SH,9.981343283582067
2021-10-29,600570.SH,9.986033519553072
2021-02-26,601009.SH,10.000000000000009
2021-04-30,600332.SH,10.017953321364459
2021-08-31,601111.SH,10.030395136778125
2021-05-31,600999.SH,10.042735042735051
2021-05-31,601628.SH,10.069549440580584
2021-10-29,600299.SH,10.084033613445364
2021-05-31,600150.SH,10.128205128205137
2021-08-31,600886.SH,10.136445343278112
2021-06-30,600600.SH,10.205831903945128
2021-05-31,600703.SH,10.239043824701199
2021-09-30,000538.SZ,10.260457774269938
2021-11-30,600048.SH,10.270700636942664
2021-09-30,002157.SZ,10.292397660818708
2021-06-30,600426.SH,10.338680926916211
2021-05-31,000938.SZ,10.344827586206918
2021-08-31,600352.SH,10.358890701468182
2021-09-30,000776.SZ,10.373880989994744
2021-05-31,600547.SH,10.382231404958686
2021-11-30,600233.SH,10.410958904109592
2021-03-31,600522.SH,10.414657666345217
2021-05-31,600036.SH,10.417457305502854
2021-09-30,600521.SH,10.43750000000001
2021-04-30,600161.SH,10.471524800979793
2021-05-31,600519.SH,10.525319168020397
2021-02-26,600489.SH,10.557532621589583
2021-05-31,000858.SZ,10.568421052631582
2021-10-29,600760.SH,10.58040406820595
2021-06-30,000625.SZ,10.65263157894738
2021-06-30,600745.SH,10.679611650485455
2021-07-30,000768.SZ,10.730593607305927
2021-06-30,002049.SZ,10.800517390054608
2021-08-31,600118.SH,10.824742268041243
2021-09-30,600887.SH,10.849750073507813
2021-09-30,601155.SH,10.919369235346622
2021-03-31,600085.SH,10.925925925925917
2021-10-29,600522.SH,11.09890109890108
2021-09-30,000069.SZ,11.12759643916914
2021-09-30,600276.SH,11.128318584070772
2021-10-29,000938.SZ,11.146752205292687
2021-05-31,600109.SH,11.166253101736977
2021-08-31,002001.SZ,11.209895632006184
2021-10-29,600893.SH,11.223914269599543
2021-07-30,600346.SH,11.242378048780498
2021-04-30,600660.SH,11.393229166666675
2021-11-30,000596.SZ,11.42982648802986
2021-09-30,300498.SZ,11.479198767334363
2021-05-31,600010.SH,11.564625850340127
2021-11-30,002179.SZ,11.617806731813252
2021-08-31,000656.SZ,11.627906976744185
2021-08-31,600406.SH,11.639030612244895
2021-11-30,600745.SH,11.7893586005831
2021-08-31,000425.SZ,11.835334476843906
2021-03-31,601111.SH,11.866501854140932
2021-09-30,600522.SH,11.931119311193083
2021-11-30,600196.SH,12.00000000000001
2021-08-31,000625.SZ,12.065217391304373
2021-05-31,600763.SH,12.068965517241391
2021-05-31,601788.SH,12.07471647765177
2021-10-29,002304.SZ,12.102601156069358
2021-04-30,600848.SH,12.213740458015266
2021-08-31,600009.SH,12.24383916990921
2021-10-29,002179.SZ,12.262311067771803
2021-10-29,600438.SH,12.347860227718899
2021-02-26,601111.SH,12.36111111111109
2021-07-30,600760.SH,12.487562189054735
2021-09-30,000596.SZ,12.509433962264138
2021-02-26,600048.SH,12.527154236060834
2021-05-31,300015.SZ,12.593984962406024
2021-07-30,601600.SH,12.64150943396225
2021-09-30,000895.SZ,12.655601659751014
2021-11-30,002236.SZ,12.718089990817273
2021-02-26,002044.SZ,12.75546159267089
2021-05-31,600809.SH,12.82632541133455
2021-08-31,600585.SH,12.881355932203387
2021-04-30,002271.SZ,12.900703674745895
2021-07-30,600745.SH,12.997794298541198
2021-05-31,002179.SZ,13.083015547081223
2021-05-31,600436.SH,13.141375143673928
2021-05-31,002304.SZ,13.142857142857167
2021-03-31,600029.SH,13.17957166392092
2021-11-30,600085.SH,13.18578553615961
2021-03-31,601088.SH,13.239436619718315
2021-10-29,002008.SZ,13.296325667459708
2021-09-30,601088.SH,13.3
2021-02-26,300033.SZ,13.300782894183016
2021-06-30,601238.SH,13.311308142458822
2021-02-26,601607.SH,13.344407530454049
2021-08-31,600018.SH,13.387423935091292
2021-10-29,002032.SZ,13.466067223292665
2021-03-31,000100.SZ,13.4872417982989
2021-10-29,600029.SH,13.494809688581299
2021-04-30,000568.SZ,13.581015020887044
2021-09-30,600809.SH,13.685500144133766
2021-09-30,600900.SH,13.753877973112715
2021-05-31,600489.SH,13.785046728971961
2021-02-26,000876.SZ,13.806146572104016
2021-09-30,601888.SH,13.890227342415361
2021-10-29,300498.SZ,13.890808569454038
2021-11-30,002049.SZ,13.935356526030107
2021-08-31,000596.SZ,14.04594114799076
2021-10-29,600887.SH,14.058355437665782
2021-04-30,601607.SH,14.125446200917914
2021-10-29,002129.SZ,14.148681055155876
2021-10-29,600872.SH,14.164572864321624
2021-02-26,600028.SH,14.177215189873404
2021-07-30,600196.SH,14.183100104688728
2021-02-26,600085.SH,14.261531950909866
2021-10-29,600111.SH,14.298622091709955
2021-10-29,601111.SH,14.381720430107503
2021-02-26,600299.SH,14.476789929189593
2021-05-31,601009.SH,14.50381679389312
2021-06-30,600132.SH,14.521261209140878
2021-10-29,300014.SZ,14.561244067454314
2021-10-29,601238.SH,14.588859416445633
2021-05-31,600438.SH,14.601581076984015
2021-02-26,600019.SH,14.634146341463406
2021-10-29,600132.SH,14.646041301531664
2021-04-30,601899.SH,14.656964656964666
2021-04-30,002120.SZ,14.67236467236468
2021-08-31,601989.SH,14.698162729658804
2021-08-31,601808.SH,14.954806902218575
2021-03-31,601009.SH,14.999999999999968
2021-09-30,601808.SH,15.082201572551845
2021-08-31,601872.SH,15.119363395225482
2021-08-31,600837.SH,15.126811594202906
2021-05-31,600196.SH,15.205843293492705
2021-02-26,600521.SH,15.299877600979194
2021-05-31,600600.SH,15.306010328535313
2021-04-30,000625.SZ,15.36293164200142
2021-08-31,600030.SH,15.554506082967912
2021-09-30,600570.SH,15.577078288942703
2021-02-26,000157.SZ,15.594855305466226
2021-03-31,600115.SH,15.677966101694917
2021-11-30,600143.SH,15.68627450980391
2021-03-31,000963.SZ,15.829145728643223
2021-06-30,600703.SH,15.82941814239247
2021-07-30,600362.SH,15.83910498859693
2021-08-31,000708.SZ,15.870850386539349
2021-11-30,000776.SZ,16.003976143141152
2021-05-31,000768.SZ,16.091476091476096
2021-11-30,002032.SZ,16.113207547169807
2021-04-30,002027.SZ,16.16379310344829
2021-02-26,600111.SH,16.235955056179783
2021-06-30,601857.SH,16.46130075009886
2021-02-26,002001.SZ,16.716016150740252
2021-07-30,000063.SZ,16.761962082455618
2021-11-30,600521.SH,16.766142159522524
2021-10-29,000625.SZ,16.766467065868262
2021-05-31,000538.SZ,16.782891678289168
2021-04-30,002304.SZ,16.87917425622343
2021-05-31,601919.SH,16.90371991247264
2021-04-30,000725.SZ,16.905901116427422
2021-10-29,600660.SH,16.92307692307693
2021-02-26,600309.SH,16.99463327370305
2021-06-30,600436.SH,17.020980953429433
2021-09-30,000166.SZ,17.021276595744684
2021-08-31,002049.SZ,17.077510859894286
2021-02-26,600383.SH,17.082179132040622
2021-06-30,600763.SH,17.094017094017076
2021-10-29,600741.SH,17.177914110429437
2021-10-29,600745.SH,17.189835575485812
2021-02-26,601618.SH,17.375886524822693
2021-08-31,601919.SH,17.440543601359003
2021-09-30,600519.SH,17.45827984595636
2021-07-30,600183.SH,17.47116616830415
2021-08-31,601088.SH,17.647058823529417
2021-08-31,600176.SH,17.70623742454727
2021-03-31,002236.SZ,17.756563245823397
2021-04-30,601600.SH,17.771883289124666
2021-05-31,601600.SH,17.7927927927928
2021-08-31,600426.SH,17.825946295697182
2021-08-31,002050.SZ,17.99065420560748
2021-04-30,300014.SZ,17.990685296074503
2021-08-31,002120.SZ,18.174846625766893
2021-04-30,600436.SH,18.242960691385555
2021-02-26,300003.SZ,18.327137546468396
2021-08-31,000338.SZ,18.63930955895188
2021-08-31,601766.SH,18.684139753404907
2021-07-30,002202.SZ,18.832236842105267
2021-03-31,600886.SH,18.922155688622766
2021-05-31,002049.SZ,18.949665778960444
2021-02-26,000002.SZ,19.107592659229944
2021-09-30,002202.SZ,19.19122686771764
2021-10-29,600009.SH,19.32203389830507
2021-08-31,600482.SH,19.483423496950046
2021-11-30,002241.SZ,19.614147909967848
2021-11-30,002153.SZ,19.76351351351353
2021-04-30,600362.SH,20.07233273056057
2021-08-31,600741.SH,20.145002589331963
2021-07-30,000938.SZ,20.47531992687386
2021-02-26,601808.SH,20.54794520547947
2021-02-26,601155.SH,20.591715976331358
2021-02-26,600352.SH,20.729927007299274
2021-02-26,000963.SZ,20.743268866135757
2021-02-26,002311.SZ,20.802309679380038
2021-02-26,000977.SZ,20.924855491329474
2021-08-31,002179.SZ,20.92882991556091
2021-08-31,600760.SH,20.964175143741713
2021-08-31,600048.SH,21.143517791844157
2021-05-31,600655.SH,21.37404580152673
2021-08-31,600111.SH,21.656184486373164
2021-08-31,002008.SZ,21.8028780885148
2021-05-31,002230.SZ,21.836374337845776
2021-08-31,002241.SZ,22.12017843085805
2021-08-31,601727.SH,22.436511482417785
2021-02-26,000069.SZ,22.796352583586632
2021-09-30,600048.SH,23.178226514486376
2021-08-31,000776.SZ,23.231667748215436
2021-04-30,600809.SH,23.272235576923084
2021-10-29,000963.SZ,23.450134770889484
2021-07-30,002049.SZ,23.91854205849926
2021-08-31,600893.SH,24.120328167730154
2021-09-30,601857.SH,24.37745113449774
2021-08-31,600383.SH,24.731182795698924
2021-08-31,300033.SZ,24.862415021042406
2021-09-30,002120.SZ,24.918883841661255
2021-04-30,600763.SH,25.029940119760496
2021-05-31,300014.SZ,25.26416763724044
2021-04-30,300015.SZ,25.704641350210977
2021-08-31,600061.SH,25.741239892183266
2021-03-31,000069.SZ,26.113861386138602
2021-09-30,300015.SZ,26.54028436018956
2021-02-26,601899.SH,26.979166666666643
2021-09-30,601872.SH,27.18894009216588
2021-02-26,601601.SH,27.385413663880076
2021-07-30,601618.SH,28.3373000099149
2021-09-30,600763.SH,28.513680268924734
2021-08-31,600019.SH,28.661616161616156
2021-05-31,002153.SZ,28.896672504378262
2021-11-30,300014.SZ,28.902600264433676
2021-11-30,000768.SZ,29.264269218079853
2021-05-31,000066.SZ,29.381879762912778
2021-10-29,600600.SH,29.492114739848496
2021-07-30,002129.SZ,29.689119170984448
2021-09-30,001979.SZ,29.91967871485941
2021-09-30,000568.SZ,30.34117647058825
2021-02-26,000425.SZ,30.597014925373124
2021-08-31,601600.SH,30.6532663316583
2021-07-30,600845.SH,31.237721021610998
2021-09-30,600795.SH,31.57894736842104
2021-08-31,600010.SH,31.929824561403475
2021-08-31,601238.SH,32.18884120171674
2021-02-26,601600.SH,32.8125
2021-09-30,600886.SH,33.11258278145694
2021-07-30,600703.SH,33.51808621083461
2021-02-26,600010.SH,33.913043478260875
2021-08-31,601618.SH,33.95721925133688
2021-06-30,002129.SZ,34.306239977751375
2021-05-31,600760.SH,34.7073086248701
2021-09-30,000876.SZ,34.91773308957953
2021-07-30,600406.SH,34.939759036144565
2021-04-30,601919.SH,35.207100591716014
2021-05-31,600085.SH,37.933289731850884
2021-02-26,000703.SZ,38.33718244803694
2021-04-30,002241.SZ,38.858195211786395
2021-08-31,600438.SH,41.138361869504855
2021-04-30,600132.SH,41.414322940066484
2021-05-31,600893.SH,42.49142253892848
2021-04-30,000963.SZ,42.73318872017353
2021-06-30,601919.SH,42.91062236780534
2021-08-31,600011.SH,44.90861618798954
2021-05-31,000625.SZ,45.08246792913866
2021-09-30,600233.SH,47.56355932203391
2021-02-26,600362.SH,48.089171974522294
2021-09-30,600011.SH,49.00900900900902
2021-09-30,002153.SZ,49.18032786885247
2021-04-30,600196.SH,51.39482281980396
2021-08-31,600150.SH,61.528059499661936
2021-11-30,600522.SH,83.77843719090008
2021-07-30,600010.SH,83.8709677419355
2021-07-30,600111.SH,130.43478260869568
